<?xml version="1.0" encoding="UTF-8" standalone="yes"?>
<addon id="repository.TeraHost" name="TeraHost Repository" version="1.0" provider-name="ROGÉRIO TERAHOST">
    <extension point="xbmc.addon.repository" name="Nome Repository">
        <dir>
            <info compressed="false">https://raw.githubusercontent.com/terahostpb/repo/master/zips/addons.xml</info>
            <checksum>https://raw.githubusercontent.com/terahostpb/repo/master/zips/addons.xml.md5</checksum>
            <datadir zip="true">https://raw.githubusercontent.com/terahostpb/repo/master/zips/</datadir>
        </dir>
    </extension>
    <extension point="xbmc.addon.metadata">
        <summary>Repositorio TeraHost</summary>
        <description>AQUI É UM AGREGADOR DE LINKS PARA FILMES, SÉRIES E TV.</description>
        <disclaimer></disclaimer>
        <platform>all</platform>
        <assets>
            <icon>icon.png</icon>
            <fanart>fanart.jpg</fanart>
        </assets>
    </extension>
</addon>