<?xml version="1.0" encoding="UTF-8" standalone="yes"?>
<addon id="repository.skyrepo" name="SKY_REPOSITORIO" version="1.01" provider-name="ROGÉRIO_MENDONÇA">
    <extension point="xbmc.addon.repository" name="Nome Repository">
        <dir>
            <info compressed="false">https://raw.githubusercontent.com/terahostpb/skyrepo/master/zips/addons.xml</info>
            <checksum>https://raw.githubusercontent.comterahostpb/skyrepo/master/zips/addons.xml.md5</checksum>
            <datadir zip="true">https://raw.githubusercontent.com/terahostpb/skyrepo/master/zips/</datadir>
        </dir>
    </extension>
    <extension point="xbmc.addon.metadata">
        <summary>SKY REPOSITORIO</summary>
        <description>MELHORES CANAIS, FILMES, SÉRIES, MÚSICA E ADDONS</description>
        <disclaimer></disclaimer>
        <platform>all</platform>
        <assets>
            <icon>icon.png</icon>
            <fanart>fanart.jpg</fanart>
        </assets>
    </extension>

</addon>